type,ident,lat,long,y_proj,x_proj,new_seg,display,color,altitude,depth,temp,time,model,filename,ltime
TRACK,La Breña - Jorge Basadre, , ,-1.516416327,20763369.87, , , , , , , , , , 
TRACK,La Breña - Jorge Basadre,-16.44726489,-71.51670308,-1947000.331,2839914.15,False, , ,0, , , , , , 
TRACK,La Breña - Jorge Basadre,-16.44764583,-71.51676294,-1947044.323,2839902.374,False, , ,0, , , , , , 
TRACK,La Breña - Jorge Basadre,-16.44802908,-71.51678261,-1947089.094,2839895.123,False, , ,0, , , , , , 
TRACK,La Breña - Jorge Basadre,-16.44940771,-71.51617316,-1947258.747,2839946.148,False, , ,0, , , , , , 
TRACK,La Breña - Jorge Basadre,-16.4499358,-71.51592628,-1947323.903,2839967.213,False, , ,0, , , , , , 
TRACK,La Breña - Jorge Basadre,-16.45021756,-71.51581065,-1947358.463,2839976.63,False, , ,0, , , , , , 
TRACK,La Breña - Jorge Basadre,-16.45058298,-71.51552954,-1947404.944,2840003.707,False, , ,0, , , , , , 
TRACK,La Breña - Jorge Basadre,-16.45076217,-71.51545801,-1947426.897,2840009.467,False, , ,0, , , , , , 
TRACK,La Breña - Jorge Basadre,-16.45093544,-71.515423,-1947447.693,2840011.165,False, , ,0, , , , , , 
TRACK,La Breña - Jorge Basadre,-16.45095849,-71.51523562,-1947452.771,2840032.104,False, , ,0, , , , , , 
TRACK,La Breña - Jorge Basadre,-16.45115492,-71.51492171,-1947479.815,2840065.114,False, , ,0, , , , , , 
TRACK,La Breña - Jorge Basadre,-16.450953,-71.51463861,-1947459.676,2840099.853,False, , ,0, , , , , , 
TRACK,La Breña - Jorge Basadre,-16.45030369,-71.51462638,-1947383.556,2840109.748,False, , ,0, , , , , , 
TRACK,La Breña - Jorge Basadre,-16.45021899,-71.51539072,-1947363.941,2840024.213,False, , ,0, , , , , , 
TRACK,La Breña - Jorge Basadre,-16.45019651,-71.51542531,-1947360.863,2840020.587,False, , ,0, , , , , , 
TRACK,La Breña - Jorge Basadre,-16.45017907,-71.51546259,-1947358.343,2840016.59,False, , ,0, , , , , , 
TRACK,La Breña - Jorge Basadre,-16.45014022,-71.51550997,-1947353.18,2840011.728,False, , ,0, , , , , , 
TRACK,La Breña - Jorge Basadre,-16.45002311,-71.51556628,-1947338.71,2840006.878,False, , ,0, , , , , , 
TRACK,La Breña - Jorge Basadre,-16.44956409,-71.51565141,-1947283.714,2840003.243,False, , ,0, , , , , , 
TRACK,La Breña - Jorge Basadre,-16.44936528,-71.51564709,-1947260.414,2840006.338,False, , ,0, , , , , , 
TRACK,La Breña - Jorge Basadre,-16.44901296,-71.51551115,-1947220.746,2840026.365,False, , ,0, , , , , , 
TRACK,La Breña - Jorge Basadre,-16.4482023,-71.51552723,-1947125.316,2840035.163,False, , ,0, , , , , , 
TRACK,La Breña - Jorge Basadre,-16.44772557,-71.51537293,-1947071.265,2840058.901,False, , ,0, , , , , , 
TRACK,La Breña - Jorge Basadre,-16.44774166,-71.51525746,-1947074.615,2840071.78,False, , ,0, , , , , , 
TRACK,La Breña - Jorge Basadre,-16.44762322,-71.51521275,-1947061.267,2840078.4,False, , ,0, , , , , , 
TRACK,La Breña - Jorge Basadre,-16.44751464,-71.51524471,-1947048.108,2840076.201,False, , ,0, , , , , , 
TRACK,La Breña - Jorge Basadre,-16.44745389,-71.51511487,-1947042.614,2840091.715,False, , ,0, , , , , , 
TRACK,La Breña - Jorge Basadre,-16.4475049,-71.5148305,-1947052.202,2840123.284,False, , ,0, , , , , , 
TRACK,La Breña - Jorge Basadre,-16.4473398,-71.51490804,-1947031.827,2840116.657,False, , ,0, , , , , , 
TRACK,La Breña - Jorge Basadre,-16.44646916,-71.51528791,-1946924.749,2840085.001,False, , ,0, , , , , , 
TRACK,La Breña - Jorge Basadre,-16.44641534,-71.51493254,-1946922.921,2840125.992,False, , ,0, , , , , , 
TRACK,La Breña - Jorge Basadre,-16.44632727,-71.5142647,-1946921.019,2840202.854,False, , ,0, , , , , , 
TRACK,La Breña - Jorge Basadre,-16.44634595,-71.51419591,-1946924.083,2840210.407,False, , ,0, , , , , , 
TRACK,La Breña - Jorge Basadre,-16.44623831,-71.5132314,-1946923.634,2840321.157,False, , ,0, , , , , , 
TRACK,La Breña - Jorge Basadre,-16.44585104,-71.51333267,-1946876.86,2840314.751,False, , ,0, , , , , , 
TRACK,La Breña - Jorge Basadre,-16.44587289,-71.51373855,-1946874.295,2840268.452,False, , ,0, , , , , , 
TRACK,La Breña - Jorge Basadre,-16.44591953,-71.51436849,-1946871.809,2840196.43,False, , ,0, , , , , , 
TRACK,La Breña - Jorge Basadre,-16.44599805,-71.51487332,-1946874.651,2840138.172,False, , ,0, , , , , , 
TRACK,La Breña - Jorge Basadre,-16.44601002,-71.51527539,-1946870.973,2840092.436,False, , ,0, , , , , , 
TRACK,La Breña - Jorge Basadre,-16.44613143,-71.51591122,-1946877.196,2840018.765,False, , ,0, , , , , , 
TRACK,La Breña - Jorge Basadre,-16.44618105,-71.51640982,-1946876.722,2839961.594,False, , ,0, , , , , , 
TRACK,La Breña - Jorge Basadre,-16.44618781,-71.51663951,-1946874.612,2839935.467,False, , ,0, , , , , , 
TRACK,La Breña - Jorge Basadre,-16.44619458,-71.51687236,-1946872.463,2839908.982,False, , ,0, , , , , , 
TRACK,La Breña - Jorge Basadre,-16.44610004,-71.51714361,-1946857.929,2839879.471,False, , ,0, , , , , , 
TRACK,La Breña - Jorge Basadre,-16.44599957,-71.51733183,-1946843.748,2839859.45,False, , ,0, , , , , , 
TRACK,La Breña - Jorge Basadre,-16.4468475,-71.5177104,-1946938.567,2839805.428,False, , ,0, , , , , , 
TRACK,Virgen de Chapi - Buena Vista, , ,-1.516416327,20763369.87, , , , , , , , , , 
TRACK,Virgen de Chapi - Buena Vista,-16.45390275,-71.51350229,-1947820.555,2840190.002,False, , ,0, , , , , , 
TRACK,Virgen de Chapi - Buena Vista,-16.4534458,-71.51316922,-1947771.09,2840233.749,False, , ,0, , , , , , 
TRACK,Virgen de Chapi - Buena Vista,-16.45273049,-71.51228292,-1947698.273,2840343.595,False, , ,0, , , , , , 
TRACK,Virgen de Chapi - Buena Vista,-16.45240274,-71.51189877,-1947664.632,2840391.438,False, , ,0, , , , , , 
TRACK,Virgen de Chapi - Buena Vista,-16.45193003,-71.51131216,-1947616.521,2840464.133,False, , ,0, , , , , , 
TRACK,Virgen de Chapi - Buena Vista,-16.45178564,-71.51114284,-1947601.701,2840485.22,False, , ,0, , , , , , 
TRACK,Virgen de Chapi - Buena Vista,-16.4521183,-71.51092666,-1947643.515,2840505.366,False, , ,0, , , , , , 
TRACK,Virgen de Chapi - Buena Vista,-16.4518166,-71.51041637,-1947614.529,2840567.167,False, , ,0, , , , , , 
TRACK,Virgen de Chapi - Buena Vista,-16.45173577,-71.51031242,-1947606.348,2840580.011,False, , ,0, , , , , , 
TRACK,Virgen de Chapi - Buena Vista,-16.45172597,-71.51025269,-1947605.953,2840586.911,False, , ,0, , , , , , 
TRACK,Virgen de Chapi - Buena Vista,-16.45160285,-71.51017565,-1947592.464,2840597.258,False, , ,0, , , , , , 
TRACK,Virgen de Chapi - Buena Vista,-16.45090206,-71.5109904,-1947499.834,2840514.083,False, , ,0, , , , , , 
TRACK,Virgen de Chapi - Buena Vista,-16.45076572,-71.51130543,-1947479.834,2840480.157,False, , ,0, , , , , , 
TRACK,Virgen de Chapi - Buena Vista,-16.45063362,-71.51163759,-1947460.114,2840444.235,False, , ,0, , , , , , 
TRACK,Virgen de Chapi - Buena Vista,-16.45155305,-71.51192383,-1947564.5,2840399.735,False, , ,0, , , , , , 
TRACK,Virgen de Chapi - Buena Vista,-16.45145236,-71.51214437,-1947549.883,2840376.054,False, , ,0, , , , , , 
TRACK,Virgen de Chapi - Buena Vista,-16.4512244,-71.51309382,-1947511.095,2840271.413,False, , ,0, , , , , , 
TRACK,Virgen de Chapi - Buena Vista,-16.45116436,-71.51369506,-1947496.437,2840204.043,False, , ,0, , , , , , 
TRACK,Virgen de Chapi - Buena Vista,-16.45167322,-71.51377595,-1947555.191,2840188.205,False, , ,0, , , , , , 
TRACK,Virgen de Chapi - Buena Vista,-16.4526537,-71.51410721,-1947666.177,2840137.802,False, , ,0, , , , , , 
TRACK,Virgen de Chapi - Buena Vista,-16.45363205,-71.51439322,-1947777.487,2840092.558,False, , ,0, , , , , , 
TRACK,Virgen de Chapi - Buena Vista,-16.45374891,-71.51456588,-1947789.03,2840071.454,False, , ,0, , , , , , 
TRACK,Virgen de Chapi - Buena Vista,-16.45415654,-71.51430975,-1947840.154,2840095.145,False, , ,0, , , , , , 
TRACK,Virgen de Chapi - Buena Vista,-16.45445828,-71.51441226,-1947874.303,2840079.569,False, , ,0, , , , , , 
TRACK,Virgen de Chapi - Buena Vista,-16.4545979,-71.51418367,-1947893.595,2840103.651,False, , ,0, , , , , , 
TRACK,Sol y Luna - Virgen de Copacabana, , ,-1.516416327,20763369.87, , , , , , , , , , 
TRACK,Sol y Luna - Virgen de Copacabana,-16.45183546,-71.51038315,-1947617.164,2840570.687,False, , ,0, , , , , , 
TRACK,Sol y Luna - Virgen de Copacabana,-16.45191048,-71.51036306,-1947626.231,2840571.98,False, , ,0, , , , , , 
TRACK,Sol y Luna - Virgen de Copacabana,-16.45222752,-71.51084404,-1947657.391,2840513.3,False, , ,0, , , , , , 
TRACK,Sol y Luna - Virgen de Copacabana,-16.45242757,-71.51082171,-1947681.173,2840513.208,False, , ,0, , , , , , 
TRACK,Sol y Luna - Virgen de Copacabana,-16.45259436,-71.51098282,-1947698.728,2840492.759,False, , ,0, , , , , , 
TRACK,Sol y Luna - Virgen de Copacabana,-16.45317398,-71.51070392,-1947770.345,2840516.776,False, , ,0, , , , , , 
TRACK,Sol y Luna - Virgen de Copacabana,-16.45326116,-71.5107575,-1947779.908,2840509.559,False, , ,0, , , , , , 
TRACK,Sol y Luna - Virgen de Copacabana,-16.45341525,-71.5109244,-1947795.898,2840488.62,False, , ,0, , , , , , 
TRACK,Sol y Luna - Virgen de Copacabana,-16.45402295,-71.51189017,-1947855.068,2840371.174,False, , ,0, , , , , , 
TRACK,Sol y Luna - Virgen de Copacabana,-16.45376967,-71.51251331,-1947817.432,2840303.857,False, , ,0, , , , , , 
TRACK,Sol y Luna - Virgen de Copacabana,-16.45572821,-71.51447261,-1948022.716,2840056.081,False, , ,0, , , , , , 
TRACK,Sol y Luna - Virgen de Copacabana,-16.45610542,-71.51400164,-1948072.985,2840104.523,False, , ,0, , , , , , 
TRACK,Sol y Luna - Virgen de Copacabana,-16.45549465,-71.51320173,-1948011.358,2840203.205,False, , ,0, , , , , , 
TRACK,Sol y Luna - Virgen de Copacabana,-16.4551385,-71.51295603,-1947972.629,2840235.726,False, , ,0, , , , , , 
TRACK,Sol y Luna - Virgen de Copacabana,-16.4548792,-71.51274068,-1947944.893,2840263.537,False, , ,0, , , , , , 
TRACK,Sol y Luna - Virgen de Copacabana,-16.45478523,-71.51277921,-1947933.367,2840260.401,False, , ,0, , , , , , 
TRACK,Sol y Luna - Virgen de Copacabana,-16.45425778,-71.51219912,-1947878.745,2840333.073,False, , ,0, , , , , , 
TRACK,Sol y Luna - Virgen de Copacabana,-16.45421661,-71.51183911,-1947878.463,2840374.423,False, , ,0, , , , , , 
TRACK,Sol y Luna - Virgen de Copacabana,-16.45419357,-71.51163482,-1947878.342,2840397.883,False, , ,0, , , , , , 
TRACK,Sol y Luna - Virgen de Copacabana,-16.45356718,-71.51074644,-1947815.997,2840506.801,False, , ,0, , , , , , 
TRACK,Sol y Luna - Virgen de Copacabana,-16.45295669,-71.50964638,-1947758.198,2840639.508,False, , ,0, , , , , , 
TRACK,Sol y Luna - Virgen de Copacabana,-16.4529859,-71.5095813,-1947762.454,2840646.502,False, , ,0, , , , , , 
TRACK,Sol y Luna - Virgen de Copacabana,-16.4531024,-71.50959736,-1947775.936,2840643.155,False, , ,0, , , , , , 
TRACK,Sol y Luna - Virgen de Copacabana,-16.4528492,-71.50897558,-1947754.058,2840716.96,False, , ,0, , , , , , 
TRACK,Sol y Luna - Virgen de Copacabana,-16.45236154,-71.50928841,-1947692.814,2840687.891,False, , ,0, , , , , , 
TRACK,Sol y Luna - Virgen de Copacabana,-16.45196135,-71.5095944,-1947641.931,2840658.45,False, , ,0, , , , , , 
TRACK,Sol y Luna - Virgen de Copacabana,-16.45167502,-71.50989552,-1947604.486,2840628.067,False, , ,0, , , , , , 
TRACK,Sol y Luna - Virgen de Copacabana,-16.45151085,-71.50958492,-1947589.129,2840665.43,False, , ,0, , , , , , 
TRACK,Sol y Luna - Virgen de Copacabana,-16.45115374,-71.50861495,-1947559.45,2840780.069,False, , ,0, , , , , , 
TRACK,Sol y Luna - Virgen de Copacabana,-16.45040616,-71.50887556,-1947468.332,2840760.327,False, , ,0, , , , , , 
TRACK,Sol y Luna - Virgen de Copacabana,-16.45007123,-71.50836636,-1947435.428,2840822.442,False, , ,0, , , , , , 
TRACK,Sol y Luna - Virgen de Copacabana,-16.44996624,-71.50843614,-1947422.212,2840815.908,False, , ,0, , , , , , 
TRACK,Sol y Luna - Virgen de Copacabana,-16.45029472,-71.50908769,-1947452.557,2840737.74,False, , ,0, , , , , , 
TRACK,Sol y Luna - Virgen de Copacabana,-16.45046878,-71.50908926,-1947472.985,2840735.28,False, , ,0, , , , , , 
TRACK,Sol y Luna - Virgen de Copacabana,-16.45050354,-71.50895468,-1947478.77,2840750.081,False, , ,0, , , , , , 
TRACK,Sol y Luna - Virgen de Copacabana,-16.45060771,-71.50891316,-1947491.533,2840753.422,False, , ,0, , , , , , 
TRACK,Sol y Luna - Virgen de Copacabana,-16.45109182,-71.51007747,-1947533.674,2840615.087,False, , ,0, , , , , , 
TRACK,Sol y Luna - Virgen de Copacabana,-16.45128449,-71.51007782,-1947556.303,2840612.521,False, , ,0, , , , , , 
TRACK,Sol y Luna - Virgen de Copacabana,-16.45143293,-71.51021677,-1947571.983,2840594.824,False, , ,0, , , , , , 
TRACK,Sol y Luna - Virgen de Copacabana,-16.45153398,-71.51009834,-1947585.352,2840606.925,False, , ,0, , , , , , 
TRACK,Sol y Luna - Virgen de Copacabana,-16.4517777,-71.51023261,-1947612.283,2840588.509,False, , ,0, , , , , , 
TRACK,La Unión, , ,-1.516416327,20763369.87, , , , , , , , , , 
TRACK,La Unión,-16.44730156,-71.5188474,-1946977.531,2839670.59,False, , ,0, , , , , , 
TRACK,La Unión,-16.44744367,-71.5179032,-1947006.16,2839775.763,False, , ,0, , , , , , 
TRACK,La Unión,-16.44715995,-71.51785015,-1946973.503,2839785.494,False, , ,0, , , , , , 
TRACK,La Unión,-16.44706654,-71.51783422,-1946962.732,2839788.523,False, , ,0, , , , , , 
TRACK,La Unión,-16.44640369,-71.51753985,-1946888.589,2839830.576,False, , ,0, , , , , , 
TRACK,La Unión,-16.44594391,-71.51735591,-1946836.904,2839857.45,False, , ,0, , , , , , 
TRACK,La Unión,-16.44588592,-71.51737165,-1946829.894,2839856.426,False, , ,0, , , , , , 
TRACK,La Unión,-16.44571261,-71.51736437,-1946809.627,2839859.52,False, , ,0, , , , , , 
TRACK,La Unión,-16.44560167,-71.51741484,-1946795.957,2839855.252,False, , ,0, , , , , , 
TRACK,La Unión,-16.44381039,-71.51742313,-1946585.433,2839877.776,False, , ,0, , , , , , 
TRACK,La Unión,-16.4437835,-71.5180261,-1946574.653,2839809.774,False, , ,0, , , , , , 
TRACK,La Unión,-16.44424956,-71.51812657,-1946628.13,2839792.28,False, , ,0, , , , , , 
TRACK,La Unión,-16.44496412,-71.51838812,-1946708.762,2839753.272,False, , ,0, , , , , , 
TRACK,La Unión,-16.44550036,-71.51858399,-1946769.278,2839724.043,False, , ,0, , , , , , 
TRACK,La Unión,-16.4459244,-71.51860541,-1946818.818,2839716.061,False, , ,0, , , , , , 
TRACK,La Unión,-16.4462812,-71.51864807,-1946860.191,2839706.552,False, , ,0, , , , , , 
TRACK,La Unión,-16.44715087,-71.51881357,-1946960.258,2839676.399,False, , ,0, , , , , , 
TRACK,San Agustin, , ,-1.516416327,20763369.87, , , , , , , , , , 
TRACK,San Agustin,-16.44756184,-71.51896175,-1947006.66,2839654.218,False, , ,0, , , , , , 
TRACK,San Agustin,-16.44767932,-71.51832805,-1947028.471,2839724.515,False, , ,0, , , , , , 
TRACK,San Agustin,-16.44772483,-71.51805744,-1947037.238,2839754.595,False, , ,0, , , , , , 
TRACK,San Agustin,-16.44770962,-71.51775455,-1947039.28,2839789.129,False, , ,0, , , , , , 
TRACK,San Agustin,-16.447957,-71.51738743,-1947072.981,2839827.505,False, , ,0, , , , , , 
TRACK,San Agustin,-16.44895284,-71.51696225,-1947195.336,2839862.656,False, , ,0, , , , , , 
TRACK,San Agustin,-16.45060308,-71.51618107,-1947399.065,2839929.587,False, , ,0, , , , , , 
TRACK,San Agustin,-16.4508958,-71.51594473,-1947436.439,2839952.542,False, , ,0, , , , , , 
TRACK,San Agustin,-16.45111196,-71.51572196,-1947464.648,2839974.962,False, , ,0, , , , , , 
TRACK,San Agustin,-16.45093746,-71.51545956,-1947447.469,2840006.994,False, , ,0, , , , , , 
TRACK,San Agustin,-16.45069688,-71.51551165,-1947418.549,2840004.242,False, , ,0, , , , , , 
TRACK,San Agustin,-16.45034326,-71.51579922,-1947373.374,2839976.278,False, , ,0, , , , , , 
TRACK,San Agustin,-16.44914363,-71.51636109,-1947225.349,2839928.303,False, , ,0, , , , , , 
TRACK,San Agustin,-16.44800658,-71.51687176,-1947085.324,2839885.311,False, , ,0, , , , , , 
TRACK,San Agustin,-16.44759727,-71.51682576,-1947037.825,2839895.888,False, , ,0, , , , , , 
TRACK,San Agustin,-16.44738274,-71.51701143,-1947010.278,2839877.652,False, , ,0, , , , , , 
TRACK,San Agustin,-16.4471696,-71.51778146,-1946975.505,2839793.154,False, , ,0, , , , , , 
TRACK,San Agustin,-16.44751439,-71.51788965,-1947014.639,2839776.372,False, , ,0, , , , , , 
TRACK,San Agustin,-16.44742018,-71.51866424,-1946993.781,2839689.8,False, , ,0, , , , , , 
TRACK,San Agustin,-16.44736805,-71.51879429,-1946986.013,2839675.739,False, , ,0, , , , , , 
TRACK,San Agustin,-16.44740547,-71.51906037,-1946987.045,2839645.087,False, , ,0, , , , , , 
TRACK,San Agustin,-16.44766167,-71.51936057,-1947013.346,2839607.7,False, , ,0, , , , , , 
TRACK,San Agustin,-16.44799533,-71.5197459,-1947047.668,2839559.65,False, , ,0, , , , , , 
TRACK,San Agustin,-16.4481335,-71.51959785,-1947065.77,2839574.622,False, , ,0, , , , , , 
TRACK,Colon - Quinta Santa Lourdes - Alas de Sur, , ,-1.516416327,20763369.87, , , , , , , , , , 
TRACK,Colon - Quinta Santa Lourdes - Alas de Sur,-16.43963591,-71.50646463,-1946233.586,2841174.803,False, , ,0, , , , , , 
TRACK,Colon - Quinta Santa Lourdes - Alas de Sur,-16.43960254,-71.50635447,-1946231.058,2841187.729,False, , ,0, , , , , , 
TRACK,Colon - Quinta Santa Lourdes - Alas de Sur,-16.43978605,-71.50620951,-1946254.45,2841201.759,False, , ,0, , , , , , 
TRACK,Colon - Quinta Santa Lourdes - Alas de Sur,-16.43976379,-71.50604716,-1946253.889,2841220.457,False, , ,0, , , , , , 
TRACK,Colon - Quinta Santa Lourdes - Alas de Sur,-16.4401197,-71.5059022,-1946297.532,2841232.229,False, , ,0, , , , , , 
TRACK,Colon - Quinta Santa Lourdes - Alas de Sur,-16.4405034,-71.50565728,-1946345.706,2841254.967,False, , ,0, , , , , , 
TRACK,Colon - Quinta Santa Lourdes - Alas de Sur,-16.44049228,-71.50558771,-1946345.279,2841263.001,False, , ,0, , , , , , 
TRACK,Colon - Quinta Santa Lourdes - Alas de Sur,-16.4408871,-71.50528619,-1946395.475,2841292.011,False, , ,0, , , , , , 
TRACK,Colon - Quinta Santa Lourdes - Alas de Sur,-16.44112624,-71.50563986,-1946419.095,2841248.78,False, , ,0, , , , , , 
TRACK,Colon - Quinta Santa Lourdes - Alas de Sur,-16.4411596,-71.50557608,-1946423.822,2841255.574,False, , ,0, , , , , , 
TRACK,Colon - Quinta Santa Lourdes - Alas de Sur,-16.44120409,-71.50553549,-1946429.561,2841259.592,False, , ,0, , , , , , 
TRACK,Colon - Quinta Santa Lourdes - Alas de Sur,-16.44162672,-71.50517019,-1946483.83,2841295.469,False, , ,0, , , , , , 
TRACK,Colon - Quinta Santa Lourdes - Alas de Sur,-16.441877,-71.50626023,-1946499.447,2841168.609,False, , ,0, , , , , , 
TRACK,Colon - Quinta Santa Lourdes - Alas de Sur,-16.44217174,-71.50622543,-1946534.512,2841168.692,False, , ,0, , , , , , 
TRACK,Colon - Quinta Santa Lourdes - Alas de Sur,-16.44232186,-71.50560502,-1946559.995,2841237.061,False, , ,0, , , , , , 
TRACK,Colon - Quinta Santa Lourdes - Alas de Sur,-16.44232742,-71.50530932,-1946564.387,2841270.513,False, , ,0, , , , , , 
TRACK,Colon - Quinta Santa Lourdes - Alas de Sur,-16.44238302,-71.50520495,-1946572.239,2841281.617,False, , ,0, , , , , , 
TRACK,Colon - Quinta Santa Lourdes - Alas de Sur,-16.44263223,-71.50457663,-1946609.462,2841349.584,False, , ,0, , , , , , 
TRACK,Colon - Quinta Santa Lourdes - Alas de Sur,-16.44308821,-71.50413015,-1946668.678,2841394.226,False, , ,0, , , , , , 
TRACK,Colon - Quinta Santa Lourdes - Alas de Sur,-16.44343855,-71.50389821,-1946712.768,2841415.93,False, , ,0, , , , , , 
TRACK,Colon - Quinta Santa Lourdes - Alas de Sur,-16.4438834,-71.50323139,-1946773.464,2841485.697,False, , ,0, , , , , , 
TRACK,Colon - Quinta Santa Lourdes - Alas de Sur,-16.44390516,-71.50276945,-1946781.864,2841537.782,False, , ,0, , , , , , 
TRACK,Colon - Quinta Santa Lourdes - Alas de Sur,-16.44333858,-71.50215824,-1946723.035,2841614.504,False, , ,0, , , , , , 
TRACK,Colon - Quinta Santa Lourdes - Alas de Sur,-16.44195025,-71.50308788,-1946548.175,2841527.306,False, , ,0, , , , , , 
TRACK,Colon - Quinta Santa Lourdes - Alas de Sur,-16.4422126,-71.50345255,-1946574.383,2841482.524,False, , ,0, , , , , , 
TRACK,Colon - Quinta Santa Lourdes - Alas de Sur,-16.44073885,-71.50413944,-1946392.562,2841423.964,False, , ,0, , , , , , 
TRACK,Colon - Quinta Santa Lourdes - Alas de Sur,-16.4410734,-71.50472546,-1946424.453,2841353.141,False, , ,0, , , , , , 
TRACK,Colon - Quinta Santa Lourdes - Alas de Sur,-16.44063679,-71.50510303,-1946368.386,2841316.056,False, , ,0, , , , , , 
TRACK,Colon - Quinta Santa Lourdes - Alas de Sur,-16.44042822,-71.50484923,-1946347.093,2841347.563,False, , ,0, , , , , , 
TRACK,Colon - Quinta Santa Lourdes - Alas de Sur,-16.44001715,-71.50494874,-1946297.543,2841341.668,False, , ,0, , , , , , 
TRACK,Colon - Quinta Santa Lourdes - Alas de Sur,-16.43950258,-71.5052963,-1946232.697,2841309.008,False, , ,0, , , , , , 
TRACK,Colon - Quinta Santa Lourdes - Alas de Sur,-16.43930327,-71.50551907,-1946206.466,2841286.362,False, , ,0, , , , , , 
TRACK,Colon - Quinta Santa Lourdes - Alas de Sur,-16.43888461,-71.505846,-1946153.148,2841254.784,False, , ,0, , , , , , 
TRACK,Colon - Quinta Santa Lourdes - Alas de Sur,-16.4385791,-71.50596204,-1946115.79,2841245.63,False, , ,0, , , , , , 
TRACK,Colon - Quinta Santa Lourdes - Alas de Sur,-16.43842394,-71.50597065,-1946097.453,2841246.687,False, , ,0, , , , , , 
TRACK,Colon - Quinta Santa Lourdes - Alas de Sur,-16.4382991,-71.50589309,-1946083.769,2841257.116,False, , ,0, , , , , , 
TRACK,Colon - Quinta Santa Lourdes - Alas de Sur,-16.43800562,-71.50598888,-1946048.08,2841250.101,False, , ,0, , , , , , 
TRACK,Colon - Quinta Santa Lourdes - Alas de Sur,-16.43706209,-71.50621821,-1945934.337,2841236.462,False, , ,0, , , , , , 
TRACK,Colon - Quinta Santa Lourdes - Alas de Sur,-16.4371328,-71.5066894,-1945936.686,2841182.115,False, , ,0, , , , , , 
TRACK,Colon - Quinta Santa Lourdes - Alas de Sur,-16.43667156,-71.50686718,-1945880.254,2841168.001,False, , ,0, , , , , , 
TRACK,Colon - Quinta Santa Lourdes - Alas de Sur,-16.43677457,-71.5072899,-1945887.01,2841118.726,False, , ,0, , , , , , 
TRACK,Colon - Quinta Santa Lourdes - Alas de Sur,-16.43629921,-71.50742794,-1945829.422,2841109.303,False, , ,0, , , , , , 
TRACK,Colon - Quinta Santa Lourdes - Alas de Sur,-16.43578423,-71.50765872,-1945766.006,2841089.885,False, , ,0, , , , , , 
TRACK,Colon - Quinta Santa Lourdes - Alas de Sur,-16.43546004,-71.50780986,-1945726.011,2841076.996,False, , ,0, , , , , , 
TRACK,Colon - Quinta Santa Lourdes - Alas de Sur,-16.4353133,-71.50786258,-1945708.105,2841072.94,False, , ,0, , , , , , 
TRACK,Colon - Quinta Santa Lourdes - Alas de Sur,-16.43530619,-71.50765263,-1945709.925,2841096.836,False, , ,0, , , , , , 
TRACK,Colon - Quinta Santa Lourdes - Alas de Sur,-16.43519448,-71.50768199,-1945696.43,2841094.971,False, , ,0, , , , , , 
TRACK,Colon - Quinta Santa Lourdes - Alas de Sur,-16.43460822,-71.50789608,-1945624.851,2841078.377,False, , ,0, , , , , , 
TRACK,Colon - Quinta Santa Lourdes - Alas de Sur,-16.43438458,-71.50838893,-1945592.349,2841025.429,False, , ,0, , , , , , 
TRACK,Colon - Quinta Santa Lourdes - Alas de Sur,-16.43426322,-71.50895597,-1945570.925,2840962.73,False, , ,0, , , , , , 
TRACK,Colon - Quinta Santa Lourdes - Alas de Sur,-16.43400555,-71.50996309,-1945527.926,2840851.924,False, , ,0, , , , , , 
TRACK,Colon - Quinta Santa Lourdes - Alas de Sur,-16.43393139,-71.51014844,-1945516.871,2840831.88,False, , ,0, , , , , , 
TRACK,Colon - Quinta Santa Lourdes - Alas de Sur,-16.43353265,-71.51045952,-1945466.097,2840801.833,False, , ,0, , , , , , 
TRACK,Colon - Quinta Santa Lourdes - Alas de Sur,-16.4334569,-71.51060656,-1945455.341,2840786.154,False, , ,0, , , , , , 
TRACK,Colon - Quinta Santa Lourdes - Alas de Sur,-16.43294245,-71.51065822,-1945394.253,2840787.035,False, , ,0, , , , , , 
TRACK,Colon - Quinta Santa Lourdes - Alas de Sur,-16.43189889,-71.51150209,-1945260.997,2840705.025,False, , ,0, , , , , , 
TRACK,Colon - Quinta Santa Lourdes - Alas de Sur,-16.4309268,-71.51223856,-1945137.495,2840634.254,False, , ,0, , , , , , 
TRACK,Colon - Quinta Santa Lourdes - Alas de Sur,-16.43255223,-71.51381891,-1945308.473,2840433.802,False, , ,0, , , , , , 
TRACK,Colon - Quinta Santa Lourdes - Alas de Sur,-16.43302041,-71.51342684,-1945368.425,2840472.124,False, , ,0, , , , , , 
TRACK,Colon - Quinta Santa Lourdes - Alas de Sur,-16.43309556,-71.51317182,-1945380.476,2840500.052,False, , ,0, , , , , , 
TRACK,Colon - Quinta Santa Lourdes - Alas de Sur,-16.43345644,-71.51330715,-1945421.16,2840479.985,False, , ,0, , , , , , 
TRACK,Colon - Quinta Santa Lourdes - Alas de Sur,-16.43368979,-71.51291873,-1945453.48,2840520.965,False, , ,0, , , , , , 
TRACK,Colon - Quinta Santa Lourdes - Alas de Sur,-16.43478657,-71.51036148,-1945614.641,2840796.527,False, , ,0, , , , , , 
TRACK,Colon - Quinta Santa Lourdes - Alas de Sur,-16.43475086,-71.51022173,-1945612.213,2840812.84,False, , ,0, , , , , , 
TRACK,Colon - Quinta Santa Lourdes - Alas de Sur,-16.43487266,-71.5100387,-1945628.835,2840831.995,False, , ,0, , , , , , 
TRACK,Colon - Quinta Santa Lourdes - Alas de Sur,-16.43495415,-71.50992828,-1945639.803,2840843.447,False, , ,0, , , , , , 
TRACK,Colon - Quinta Santa Lourdes - Alas de Sur,-16.43518173,-71.5097218,-1945669.148,2840863.876,False, , ,0, , , , , , 
TRACK,Colon - Quinta Santa Lourdes - Alas de Sur,-16.4352053,-71.50965597,-1945672.749,2840871.03,False, , ,0, , , , , , 
TRACK,Colon - Quinta Santa Lourdes - Alas de Sur,-16.43524243,-71.50955879,-1945678.338,2840881.561,False, , ,0, , , , , , 
TRACK,Colon - Quinta Santa Lourdes - Alas de Sur,-16.43527618,-71.5088389,-1945691.404,2840962.736,False, , ,0, , , , , , 
TRACK,Colon - Quinta Santa Lourdes - Alas de Sur,-16.43550808,-71.50883258,-1945718.726,2840960.416,False, , ,0, , , , , , 
TRACK,Colon - Quinta Santa Lourdes - Alas de Sur,-16.43552302,-71.50922534,-1945715.516,2840915.691,False, , ,0, , , , , , 
TRACK,Colon - Quinta Santa Lourdes - Alas de Sur,-16.43574319,-71.50919714,-1945741.738,2840916.005,False, , ,0, , , , , , 
TRACK,Colon - Quinta Santa Lourdes - Alas de Sur,-16.43573011,-71.50901007,-1945742.566,2840937.385,False, , ,0, , , , , , 
TRACK,Colon - Quinta Santa Lourdes - Alas de Sur,-16.43588035,-71.50896699,-1945760.76,2840940.301,False, , ,0, , , , , , 
TRACK,Colon - Quinta Santa Lourdes - Alas de Sur,-16.43573737,-71.50856033,-1945749.103,2840988.279,False, , ,0, , , , , , 
TRACK,Colon - Quinta Santa Lourdes - Alas de Sur,-16.43594689,-71.50846368,-1945774.938,2840996.492,False, , ,0, , , , , , 
TRACK,Colon - Quinta Santa Lourdes - Alas de Sur,-16.43585065,-71.50803556,-1945769.045,2841046.291,False, , ,0, , , , , , 
TRACK,Colon - Quinta Santa Lourdes - Alas de Sur,-16.43609653,-71.50803443,-1945797.944,2841043.197,False, , ,0, , , , , , 
TRACK,Colon - Quinta Santa Lourdes - Alas de Sur,-16.43650419,-71.50811955,-1945844.759,2841028.208,False, , ,0, , , , , , 
TRACK,Colon - Quinta Santa Lourdes - Alas de Sur,-16.43671894,-71.50813573,-1945869.782,2841023.56,False, , ,0, , , , , , 
TRACK,Colon - Quinta Santa Lourdes - Alas de Sur,-16.43686701,-71.50808421,-1945887.829,2841027.462,False, , ,0, , , , , , 
TRACK,Colon - Quinta Santa Lourdes - Alas de Sur,-16.43743561,-71.50775973,-1945958.727,2841056.8,False, , ,0, , , , , , 
TRACK,Colon - Quinta Santa Lourdes - Alas de Sur,-16.43762097,-71.50755334,-1945983.112,2841077.771,False, , ,0, , , , , , 
TRACK,Colon - Quinta Santa Lourdes - Alas de Sur,-16.43779119,-71.50736449,-1946005.497,2841096.952,False, , ,0, , , , , , 
TRACK,Colon - Quinta Santa Lourdes - Alas de Sur,-16.43800651,-71.50720421,-1946032.818,2841112.302,False, , ,0, , , , , , 
TRACK,Colon - Quinta Santa Lourdes - Alas de Sur,-16.43827884,-71.50704118,-1946066.871,2841127.219,False, , ,0, , , , , , 
TRACK,Colon - Quinta Santa Lourdes - Alas de Sur,-16.43935786,-71.5065806,-1946199.455,2841165.298,False, , ,0, , , , , , 
TRACK,Los Huertos - Urb. Dolores, , ,-1.516416327,20763369.87, , , , , , , , , , 
TRACK,Los Huertos - Urb. Dolores,-16.43785209,-71.52510124,-1945788.517,2839085.376,False, , ,0, , , , , , 
TRACK,Los Huertos - Urb. Dolores,-16.43813301,-71.52525384,-1945819.587,2839064.4,False, , ,0, , , , , , 
TRACK,Los Huertos - Urb. Dolores,-16.43863367,-71.52536311,-1945877.017,2839045.461,False, , ,0, , , , , , 
TRACK,Los Huertos - Urb. Dolores,-16.43888988,-71.52388198,-1945925.821,2839210.011,False, , ,0, , , , , , 
TRACK,Los Huertos - Urb. Dolores,-16.43944755,-71.52046978,-1946034.436,2839589.529,False, , ,0, , , , , , 
TRACK,Los Huertos - Urb. Dolores,-16.43932709,-71.52019548,-1946023.752,2839622.202,False, , ,0, , , , , , 
TRACK,Los Huertos - Urb. Dolores,-16.43893497,-71.52024562,-1945977.056,2839621.651,False, , ,0, , , , , , 
TRACK,Los Huertos - Urb. Dolores,-16.43890558,-71.51999934,-1945976.716,2839649.955,False, , ,0, , , , , , 
TRACK,Los Huertos - Urb. Dolores,-16.43865191,-71.52005822,-1945946.174,2839646.602,False, , ,0, , , , , , 
TRACK,Los Huertos - Urb. Dolores,-16.43849696,-71.51945836,-1945935.552,2839716.633,False, , ,0, , , , , , 
TRACK,Los Huertos - Urb. Dolores,-16.43800227,-71.51952381,-1945876.614,2839715.69,False, , ,0, , , , , , 
TRACK,Los Huertos - Urb. Dolores,-16.43802733,-71.52061405,-1945865.783,2839591.766,False, , ,0, , , , , , 
TRACK,Los Huertos - Urb. Dolores,-16.43761897,-71.52073117,-1945816.335,2839583.834,False, , ,0, , , , , , 
TRACK,Los Huertos - Urb. Dolores,-16.4374863,-71.52032471,-1945805.885,2839631.65,False, , ,0, , , , , , 
TRACK,Los Huertos - Urb. Dolores,-16.43742428,-71.51975985,-1945805.736,2839696.498,False, , ,0, , , , , , 
TRACK,Los Huertos - Urb. Dolores,-16.43740283,-71.51971584,-1945803.772,2839701.768,False, , ,0, , , , , , 
TRACK,Los Huertos - Urb. Dolores,-16.43729749,-71.51962759,-1945792.514,2839713.151,False, , ,0, , , , , , 
TRACK,Los Huertos - Urb. Dolores,-16.43719301,-71.51968128,-1945779.562,2839708.432,False, , ,0, , , , , , 
TRACK,Los Huertos - Urb. Dolores,-16.43717726,-71.51951068,-1945779.867,2839727.979,False, , ,0, , , , , , 
TRACK,Los Huertos - Urb. Dolores,-16.43720865,-71.51914774,-1945788.139,2839768.713,False, , ,0, , , , , , 
TRACK,Los Huertos - Urb. Dolores,-16.43727021,-71.518644,-1945801.735,2839825.014,False, , ,0, , , , , , 
TRACK,Los Huertos - Urb. Dolores,-16.43734851,-71.51828604,-1945815.456,2839864.57,False, , ,0, , , , , , 
TRACK,Los Huertos - Urb. Dolores,-16.43658383,-71.51801257,-1945729.085,2839905.584,False, , ,0, , , , , , 
TRACK,Los Huertos - Urb. Dolores,-16.43648565,-71.51818632,-1945715.356,2839887.172,False, , ,0, , , , , , 
TRACK,Los Huertos - Urb. Dolores,-16.43638055,-71.51828523,-1945701.761,2839877.334,False, , ,0, , , , , , 
TRACK,Los Huertos - Urb. Dolores,-16.43626236,-71.51838586,-1945686.606,2839867.473,False, , ,0, , , , , , 
TRACK,Los Huertos - Urb. Dolores,-16.43615617,-71.51846799,-1945673.094,2839859.552,False, , ,0, , , , , , 
TRACK,Los Huertos - Urb. Dolores,-16.43592537,-71.51859575,-1945644.368,2839848.091,False, , ,0, , , , , , 
TRACK,Los Huertos - Urb. Dolores,-16.43553242,-71.5188225,-1945595.343,2839827.528,False, , ,0, , , , , , 
TRACK,Los Huertos - Urb. Dolores,-16.43566924,-71.51921886,-1945606.408,2839780.803,False, , ,0, , , , , , 
TRACK,Los Huertos - Urb. Dolores,-16.43573752,-71.51944963,-1945611.514,2839753.747,False, , ,0, , , , , , 
TRACK,Los Huertos - Urb. Dolores,-16.43578591,-71.51989613,-1945611.558,2839702.495,False, , ,0, , , , , , 
TRACK,Los Huertos - Urb. Dolores,-16.4358003,-71.52009808,-1945610.697,2839679.412,False, , ,0, , , , , , 
TRACK,Los Huertos - Urb. Dolores,-16.43584484,-71.52025113,-1945613.995,2839661.478,False, , ,0, , , , , , 
TRACK,Los Huertos - Urb. Dolores,-16.43606884,-71.52050311,-1945637.126,2839629.981,False, , ,0, , , , , , 
TRACK,Los Huertos - Urb. Dolores,-16.43638704,-71.52079079,-1945670.869,2839593.202,False, , ,0, , , , , , 
TRACK,Los Huertos - Urb. Dolores,-16.43657477,-71.52103431,-1945689.845,2839563.138,False, , ,0, , , , , , 
TRACK,Los Huertos - Urb. Dolores,-16.43679269,-71.52107519,-1945714.928,2839555.651,False, , ,0, , , , , , 
TRACK,Los Huertos - Urb. Dolores,-16.4374842,-71.5237212,-1945762.733,2839246.636,False, , ,0, , , , , , 
TRACK,Los Huertos - Urb. Dolores,-16.43727306,-71.52376791,-1945737.341,2839244.104,False, , ,0, , , , , , 
TRACK,Los Huertos - Urb. Dolores,-16.4375838,-71.52501721,-1945758.062,2839098.413,False, , ,0, , , , , , 
TRACK,Los Huertos - Urb. Dolores,-16.43771993,-71.52500819,-1945774.167,2839097.655,False, , ,0, , , , , , 
TRACK,Los Huertos - Urb. Dolores,-16.43780065,-71.52497901,-1945784.017,2839099.906,False, , ,0, , , , , , 
TRACK,La Florida - Pasaje Tasahuayo, , ,-1.516416327,20763369.87, , , , , , , , , , 
TRACK,La Florida - Pasaje Tasahuayo,-16.43549335,-71.51875905,-1945591.555,2839835.233,False, , ,0, , , , , , 
TRACK,La Florida - Pasaje Tasahuayo,-16.43595965,-71.51850541,-1945649.536,2839857.884,False, , ,0, , , , , , 
TRACK,La Florida - Pasaje Tasahuayo,-16.43615443,-71.51840776,-1945673.65,2839866.404,False, , ,0, , , , , , 
TRACK,La Florida - Pasaje Tasahuayo,-16.43631554,-71.51829287,-1945694.027,2839877.32,False, , ,0, , , , , , 
TRACK,La Florida - Pasaje Tasahuayo,-16.43640667,-71.51819614,-1945705.955,2839887.092,False, , ,0, , , , , , 
TRACK,La Florida - Pasaje Tasahuayo,-16.4364766,-71.51807938,-1945715.645,2839899.413,False, , ,0, , , , , , 
TRACK,La Florida - Pasaje Tasahuayo,-16.43656053,-71.51789073,-1945727.887,2839919.702,False, , ,0, , , , , , 
TRACK,La Florida - Pasaje Tasahuayo,-16.43659819,-71.51773433,-1945734.287,2839936.94,False, , ,0, , , , , , 
TRACK,La Florida - Pasaje Tasahuayo,-16.43659178,-71.51762368,-1945734.932,2839949.567,False, , ,0, , , , , , 
TRACK,La Florida - Pasaje Tasahuayo,-16.43718466,-71.51766998,-1945803.992,2839936.557,False, , ,0, , , , , , 
TRACK,La Florida - Pasaje Tasahuayo,-16.43741368,-71.51770671,-1945830.432,2839929.394,False, , ,0, , , , , , 
TRACK,La Florida - Pasaje Tasahuayo,-16.43752586,-71.51734612,-1945848.166,2839968.804,False, , ,0, , , , , , 
TRACK,La Florida - Pasaje Tasahuayo,-16.43757857,-71.51718252,-1945856.425,2839986.662,False, , ,0, , , , , , 
TRACK,La Florida - Pasaje Tasahuayo,-16.43762147,-71.5170743,-1945862.831,2839998.368,False, , ,0, , , , , , 
TRACK,La Florida - Pasaje Tasahuayo,-16.43770982,-71.51701054,-1945874.016,2840004.439,False, , ,0, , , , , , 
TRACK,La Florida - Pasaje Tasahuayo,-16.4378296,-71.51695357,-1945888.807,2840009.33,False, , ,0, , , , , , 
TRACK,La Florida - Pasaje Tasahuayo,-16.43815031,-71.51695077,-1945926.515,2840005.449,False, , ,0, , , , , , 
TRACK,La Florida - Pasaje Tasahuayo,-16.43844956,-71.51696868,-1945961.443,2839999.499,False, , ,0, , , , , , 
TRACK,La Florida - Pasaje Tasahuayo,-16.43847559,-71.51665099,-1945968.514,2840035.174,False, , ,0, , , , , , 
TRACK,La Florida - Pasaje Tasahuayo,-16.43876644,-71.51667202,-1946002.415,2840028.981,False, , ,0, , , , , , 
TRACK,La Florida - Pasaje Tasahuayo,-16.43893024,-71.5166582,-1946021.831,2840028.403,False, , ,0, , , , , , 
TRACK,La Florida - Pasaje Tasahuayo,-16.43894528,-71.51652673,-1946025.259,2840043.111,False, , ,0, , , , , , 
TRACK,La Florida - Pasaje Tasahuayo,-16.43895485,-71.51602308,-1946032.748,2840100.083,False, , ,0, , , , , , 
TRACK,La Florida - Pasaje Tasahuayo,-16.44017085,-71.51573581,-1946179.224,2840116.725,False, , ,0, , , , , , 
TRACK,La Florida - Pasaje Tasahuayo,-16.44021913,-71.51550636,-1946187.795,2840142.104,False, , ,0, , , , , , 
TRACK,La Florida - Pasaje Tasahuayo,-16.44028552,-71.51484739,-1946203.922,2840215.94,False, , ,0, , , , , , 
TRACK,La Florida - Pasaje Tasahuayo,-16.44031031,-71.51407069,-1946216.652,2840303.668,False, , ,0, , , , , , 
TRACK,La Florida - Pasaje Tasahuayo,-16.44033103,-71.51378942,-1946222.641,2840335.283,False, , ,0, , , , , , 
TRACK,La Florida - Pasaje Tasahuayo,-16.44030463,-71.51373962,-1946220.169,2840341.276,False, , ,0, , , , , , 
TRACK,La Florida - Pasaje Tasahuayo,-16.44022511,-71.51371569,-1946211.13,2840345.029,False, , ,0, , , , , , 
TRACK,La Florida - Pasaje Tasahuayo,-16.44011931,-71.51369617,-1946198.948,2840348.628,False, , ,0, , , , , , 
TRACK,La Florida - Pasaje Tasahuayo,-16.44010997,-71.51368737,-1946197.962,2840349.748,False, , ,0, , , , , , 
TRACK,La Florida - Pasaje Tasahuayo,-16.4400877,-71.5135178,-1946197.49,2840369.264,False, , ,0, , , , , , 
TRACK,La Florida - Pasaje Tasahuayo,-16.4400491,-71.51336154,-1946194.931,2840387.484,False, , ,0, , , , , , 
TRACK,La Florida - Pasaje Tasahuayo,-16.43998755,-71.51323169,-1946189.341,2840403.011,False, , ,0, , , , , , 
TRACK,La Florida - Pasaje Tasahuayo,-16.43992178,-71.51314954,-1946182.654,2840413.185,False, , ,0, , , , , , 
TRACK,La Florida - Pasaje Tasahuayo,-16.43987046,-71.51308466,-1946177.446,2840421.213,False, , ,0, , , , , , 
TRACK,La Florida - Pasaje Tasahuayo,-16.43980329,-71.51293379,-1946171.462,2840439.197,False, , ,0, , , , , , 
TRACK,La Florida - Pasaje Tasahuayo,-16.43979352,-71.51280424,-1946171.952,2840454.012,False, , ,0, , , , , , 
TRACK,La Florida - Pasaje Tasahuayo,-16.43979107,-71.51258134,-1946174.482,2840479.314,False, , ,0, , , , , , 
TRACK,La Florida - Pasaje Tasahuayo,-16.43979842,-71.51246483,-1946176.817,2840492.426,False, , ,0, , , , , , 
TRACK,La Florida - Pasaje Tasahuayo,-16.43866489,-71.51277204,-1946039.776,2840472.445,False, , ,0, , , , , , 
TRACK,La Florida - Pasaje Tasahuayo,-16.43833394,-71.51289053,-1945999.4,2840463.347,False, , ,0, , , , , , 
TRACK,La Florida - Pasaje Tasahuayo,-16.43758263,-71.51358915,-1945902.311,2840393.984,False, , ,0, , , , , , 
TRACK,La Florida - Pasaje Tasahuayo,-16.43745514,-71.51356422,-1945887.65,2840398.479,False, , ,0, , , , , , 
TRACK,La Florida - Pasaje Tasahuayo,-16.43739937,-71.5137636,-1945878.579,2840376.606,False, , ,0, , , , , , 
TRACK,La Florida - Pasaje Tasahuayo,-16.43720018,-71.51363899,-1945856.754,2840393.342,False, , ,0, , , , , , 
TRACK,La Florida - Pasaje Tasahuayo,-16.43587754,-71.51410419,-1945695.502,2840357.921,False, , ,0, , , , , , 
TRACK,La Florida - Pasaje Tasahuayo,-16.43531183,-71.5138799,-1945631.881,2840390.757,False, , ,0, , , , , , 
TRACK,La Florida - Pasaje Tasahuayo,-16.43516044,-71.51441986,-1945607.273,2840331.523,False, , ,0, , , , , , 
TRACK,La Florida - Pasaje Tasahuayo,-16.43511264,-71.51463585,-1945598.928,2840307.663,False, , ,0, , , , , , 
TRACK,La Florida - Pasaje Tasahuayo,-16.43492604,-71.51576792,-1945562.704,2840181.762,False, , ,0, , , , , , 
TRACK,La Florida - Pasaje Tasahuayo,-16.43527814,-71.5158769,-1945602.688,2840164.796,False, , ,0, , , , , , 
TRACK,La Florida - Pasaje Tasahuayo,-16.43522598,-71.51611509,-1945593.552,2840138.476,False, , ,0, , , , , , 
TRACK,La Florida - Pasaje Tasahuayo,-16.43515591,-71.5161469,-1945584.919,2840135.787,False, , ,0, , , , , , 
TRACK,La Florida - Pasaje Tasahuayo,-16.43505936,-71.51620486,-1945572.844,2840130.48,False, , ,0, , , , , , 
TRACK,La Florida - Pasaje Tasahuayo,-16.43492729,-71.51640249,-1945554.833,2840109.804,False, , ,0, , , , , , 
TRACK,La Florida - Pasaje Tasahuayo,-16.4348022,-71.51657401,-1945537.971,2840091.996,False, , ,0, , , , , , 
TRACK,La Florida - Pasaje Tasahuayo,-16.4344874,-71.51673141,-1945499.003,2840078.273,False, , ,0, , , , , , 
TRACK,Juan Pablo I - II, , ,-1.516416327,20763369.87, , , , , , , , , , 
TRACK,Juan Pablo I - II,-16.43685147,-71.52365431,-1945689.254,2839262.5,False, , ,0, , , , , , 
TRACK,Juan Pablo I - II,-16.43535015,-71.52414738,-1945506.672,2839226.252,False, , ,0, , , , , , 
TRACK,Juan Pablo I - II,-16.43588033,-71.52565682,-1945549.888,2839048.197,False, , ,0, , , , , , 
TRACK,Juan Pablo I - II,-16.43729892,-71.52510674,-1945723.469,2839091.992,False, , ,0, , , , , , 
TRACK,Juan Pablo III - IV, , ,-1.516416327,20763369.87, , , , , , , , , , 
TRACK,Juan Pablo III - IV,-16.43634691,-71.52173697,-1945654.203,2839486.463,False, , ,0, , , , , , 
TRACK,Juan Pablo III - IV,-16.43479605,-71.52247412,-1945462.717,2839423.194,False, , ,0, , , , , , 
TRACK,Juan Pablo III - IV,-16.4353062,-71.5241067,-1945502.023,2839231.439,False, , ,0, , , , , , 
TRACK,Juan Pablo III - IV,-16.43682821,-71.52354786,-1945687.866,2839274.873,False, , ,0, , , , , , 
TRACK,Comisaría Simòn Bolivar, , ,-1.516416327,20763369.87, , , , , , , , , , 
TRACK,Comisaría Simòn Bolivar,-16.44301545,-71.51188406,-1946562.074,2840516.125,False, , ,0, , , , , , 
TRACK,Comisaría Simòn Bolivar,-16.44292652,-71.511867,-1946551.842,2840519.223,False, , ,0, , , , , , 
TRACK,Comisaría Simòn Bolivar,-16.44288627,-71.51260795,-1946537.746,2840435.751,False, , ,0, , , , , , 
TRACK,Comisaría Simòn Bolivar,-16.44284814,-71.51305255,-1946527.646,2840385.849,False, , ,0, , , , , , 
TRACK,Comisaría Simòn Bolivar,-16.44276453,-71.51348364,-1946512.374,2840338.074,False, , ,0, , , , , , 
TRACK,Comisaría Simòn Bolivar,-16.44268991,-71.5134718,-1946503.758,2840340.392,False, , ,0, , , , , , 
TRACK,Comisaría Simòn Bolivar,-16.44261016,-71.51368474,-1946491.698,2840317.297,False, , ,0, , , , , , 
TRACK,Comisaría Simòn Bolivar,-16.44250633,-71.51411428,-1946474.07,2840269.962,False, , ,0, , , , , , 
TRACK,Comisaría Simòn Bolivar,-16.44153291,-71.51407005,-1946360.28,2840287.728,False, , ,0, , , , , , 
TRACK,Comisaría Simòn Bolivar,-16.44172844,-71.51522321,-1946368.673,2840154.437,False, , ,0, , , , , , 
TRACK,Comisaría Simòn Bolivar,-16.44206928,-71.51620519,-1946396.3,2840038.651,False, , ,0, , , , , , 
TRACK,Comisaría Simòn Bolivar,-16.44195502,-71.51622702,-1946382.602,2840037.672,False, , ,0, , , , , , 
TRACK,Comisaría Simòn Bolivar,-16.44218888,-71.51697556,-1946400.612,2839949.751,False, , ,0, , , , , , 
TRACK,Comisaría Simòn Bolivar,-16.44239902,-71.51757682,-1946417.698,2839878.838,False, , ,0, , , , , , 
TRACK,Comisaría Simòn Bolivar,-16.44285392,-71.5175039,-1946472.056,2839881.147,False, , ,0, , , , , , 
TRACK,Comisaría Simòn Bolivar,-16.44287843,-71.51757049,-1946474.094,2839873.277,False, , ,0, , , , , , 
TRACK,Comisaría Simòn Bolivar,-16.44312876,-71.5179918,-1946498.175,2839822.237,False, , ,0, , , , , , 
TRACK,Comisaría Simòn Bolivar,-16.44319986,-71.51814123,-1946504.639,2839804.366,False, , ,0, , , , , , 
TRACK,Comisaría Simòn Bolivar,-16.44352898,-71.51825342,-1946541.882,2839787.338,False, , ,0, , , , , , 
TRACK,Comisaría Simòn Bolivar,-16.44364715,-71.51807827,-1946557.977,2839805.645,False, , ,0, , , , , , 
TRACK,Comisaría Simòn Bolivar,-16.44368688,-71.51750652,-1946569.87,2839869.941,False, , ,0, , , , , , 
TRACK,Comisaría Simòn Bolivar,-16.443666,-71.51627408,-1946582.996,2840009.927,False, , ,0, , , , , , 
TRACK,Comisaría Simòn Bolivar,-16.44363074,-71.51539146,-1946590.011,2840110.447,False, , ,0, , , , , , 
TRACK,Comisaría Simòn Bolivar,-16.4434717,-71.51395516,-1946589.486,2840275.355,False, , ,0, , , , , , 
TRACK,Comisaría Simòn Bolivar,-16.44334479,-71.51261203,-1946591.558,2840429.282,False, , ,0, , , , , , 
TRACK,Comisaría Simòn Bolivar,-16.44345008,-71.51201449,-1946611.481,2840495.644,False, , ,0, , , , , , 
TRACK,Manco Capac, , ,-1.516416327,20763369.87, , , , , , , , , , 
TRACK,Manco Capac,-16.44358494,-71.51145936,-1946634.343,2840556.81,False, , ,0, , , , , , 
TRACK,Manco Capac,-16.44411105,-71.50937636,-1946722.486,2840786.06,False, , ,0, , , , , , 
TRACK,Manco Capac,-16.44433053,-71.50823941,-1946762.647,2840912.077,False, , ,0, , , , , , 
TRACK,Manco Capac,-16.44445813,-71.5072789,-1946789.785,2841019.297,False, , ,0, , , , , , 
TRACK,Manco Capac,-16.44461322,-71.5059121,-1946825.292,2841172.218,False, , ,0, , , , , , 
TRACK,Manco Capac,-16.4438674,-71.50584517,-1946738.522,2841189.58,False, , ,0, , , , , , 
TRACK,Manco Capac,-16.44354573,-71.50618784,-1946696.4,2841154.947,False, , ,0, , , , , , 
TRACK,Manco Capac,-16.44330375,-71.50646821,-1946664.427,2841126.334,False, , ,0, , , , , , 
TRACK,Manco Capac,-16.44313633,-71.50669212,-1946641.927,2841103.143,False, , ,0, , , , , , 
TRACK,Manco Capac,-16.4430933,-71.5067911,-1946635.62,2841092.485,False, , ,0, , , , , , 
TRACK,Manco Capac,-16.44309895,-71.50698619,-1946633.817,2841070.294,False, , ,0, , , , , , 
TRACK,Manco Capac,-16.44311396,-71.50727822,-1946631.886,2841036.99,False, , ,0, , , , , , 
TRACK,Manco Capac,-16.44287223,-71.50770157,-1946598.135,2840992.163,False, , ,0, , , , , , 
TRACK,Manco Capac,-16.44279684,-71.50793242,-1946586.359,2840966.979,False, , ,0, , , , , , 
TRACK,Manco Capac,-16.44275611,-71.50827606,-1946577.229,2840928.555,False, , ,0, , , , , , 
TRACK,Manco Capac,-16.44272088,-71.50920437,-1946561.351,2840823.774,False, , ,0, , , , , , 
TRACK,Manco Capac,-16.44269567,-71.51014721,-1946546.468,2840717.217,False, , ,0, , , , , , 
TRACK,Manco Capac,-16.44266168,-71.51034331,-1946539.995,2840695.43,False, , ,0, , , , , , 
TRACK,Manco Capac,-16.44269353,-71.51059512,-1946540.553,2840666.466,False, , ,0, , , , , , 
TRACK,Manco Capac,-16.44270876,-71.51069683,-1946541.057,2840654.735,False, , ,0, , , , , , 
TRACK,Manco Capac,-16.44280653,-71.51113805,-1946546.963,2840603.434,False, , ,0, , , , , , 
TRACK,Manco Capac,-16.44283164,-71.51175066,-1946542.167,2840533.655,False, , ,0, , , , , , 
TRACK,Manco Capac,-16.44345399,-71.51192876,-1946613.025,2840505.311,False, , ,0, , , , , , 
TRACK,Maria Nieves y Bustamante, , ,-1.516416327,20763369.87, , , , , , , , , , 
TRACK,Maria Nieves y Bustamante,-16.44604852,-71.51716824,-1946851.565,2839877.354,False, , ,0, , , , , , 
TRACK,Maria Nieves y Bustamante,-16.44613536,-71.51692909,-1946864.79,2839903.327,False, , ,0, , , , , , 
TRACK,Maria Nieves y Bustamante,-16.44617694,-71.51674282,-1946872.03,2839923.898,False, , ,0, , , , , , 
TRACK,Maria Nieves y Bustamante,-16.44613649,-71.5164661,-1946870.776,2839955.797,False, , ,0, , , , , , 
TRACK,Maria Nieves y Bustamante,-16.44611055,-71.5160221,-1946873.342,2840006.47,False, , ,0, , , , , , 
TRACK,Maria Nieves y Bustamante,-16.44606477,-71.51575629,-1946871.324,2840037.202,False, , ,0, , , , , , 
TRACK,Maria Nieves y Bustamante,-16.44600746,-71.51544573,-1946868.518,2840073.159,False, , ,0, , , , , , 
TRACK,Maria Nieves y Bustamante,-16.44596562,-71.51524948,-1946866.085,2840095.954,False, , ,0, , , , , , 
TRACK,Maria Nieves y Bustamante,-16.44597162,-71.51509721,-1946868.715,2840113.138,False, , ,0, , , , , , 
TRACK,Maria Nieves y Bustamante,-16.44595966,-71.51488565,-1946869.984,2840137.277,False, , ,0, , , , , , 
TRACK,Maria Nieves y Bustamante,-16.44592077,-71.51461179,-1946868.879,2840168.832,False, , ,0, , , , , , 
TRACK,Maria Nieves y Bustamante,-16.44586392,-71.51419847,-1946867.426,2840216.433,False, , ,0, , , , , , 
TRACK,Maria Nieves y Bustamante,-16.44582809,-71.51373634,-1946869.06,2840269.291,False, , ,0, , , , , , 
TRACK,Maria Nieves y Bustamante,-16.44581619,-71.51359233,-1946869.483,2840285.771,False, , ,0, , , , , , 
TRACK,Maria Nieves y Bustamante,-16.44581314,-71.51336545,-1946871.994,2840311.532,False, , ,0, , , , , , 
TRACK,Maria Nieves y Bustamante,-16.44582211,-71.51321688,-1946874.925,2840328.257,False, , ,0, , , , , , 
TRACK,Maria Nieves y Bustamante,-16.44584317,-71.51276286,-1946883.141,2840379.45,False, , ,0, , , , , , 
TRACK,Maria Nieves y Bustamante,-16.4458283,-71.51255811,-1946883.983,2840402.857,False, , ,0, , , , , , 
TRACK,Maria Nieves y Bustamante,-16.44584028,-71.51234495,-1946888.086,2840426.865,False, , ,0, , , , , , 
TRACK,Maria Nieves y Bustamante,-16.44580446,-71.51216727,-1946886.124,2840447.476,False, , ,0, , , , , , 
TRACK,Maria Nieves y Bustamante,-16.4457359,-71.51195815,-1946880.714,2840472.081,False, , ,0, , , , , , 
TRACK,Maria Nieves y Bustamante,-16.44569125,-71.51180303,-1946877.431,2840490.251,False, , ,0, , , , , , 
TRACK,Maria Nieves y Bustamante,-16.44564061,-71.51160172,-1946874.027,2840513.736,False, , ,0, , , , , , 
TRACK,Maria Nieves y Bustamante,-16.44559838,-71.51139566,-1946871.672,2840537.649,False, , ,0, , , , , , 
TRACK,Maria Nieves y Bustamante,-16.44556849,-71.51124428,-1946870.076,2840555.203,False, , ,0, , , , , , 
TRACK,Maria Nieves y Bustamante,-16.44554309,-71.51101271,-1946870.019,2840581.787,False, , ,0, , , , , , 
TRACK,Maria Nieves y Bustamante,-16.44553193,-71.51082197,-1946871.121,2840603.557,False, , ,0, , , , , , 
TRACK,Maria Nieves y Bustamante,-16.44534515,-71.51082833,-1946849.1,2840605.284,False, , ,0, , , , , , 
TRACK,Maria Nieves y Bustamante,-16.44527189,-71.5110097,-1946838.2,2840585.682,False, , ,0, , , , , , 
TRACK,Maria Nieves y Bustamante,-16.44524882,-71.51122262,-1946832.797,2840561.847,False, , ,0, , , , , , 
TRACK,Maria Nieves y Bustamante,-16.44519852,-71.51140421,-1946824.591,2840541.92,False, , ,0, , , , , , 
TRACK,Maria Nieves y Bustamante,-16.44518661,-71.51162574,-1946820.392,2840516.963,False, , ,0, , , , , , 
TRACK,Maria Nieves y Bustamante,-16.44517743,-71.5118348,-1946816.67,2840493.383,False, , ,0, , , , , , 
TRACK,Maria Nieves y Bustamante,-16.44516526,-71.51204671,-1946812.561,2840469.518,False, , ,0, , , , , , 
TRACK,Maria Nieves y Bustamante,-16.44513844,-71.51228307,-1946806.421,2840443.075,False, , ,0, , , , , , 
TRACK,Maria Nieves y Bustamante,-16.44511183,-71.51247649,-1946800.849,2840421.496,False, , ,0, , , , , , 
TRACK,Maria Nieves y Bustamante,-16.44353455,-71.51203516,-1946621.143,2840492.194,False, , ,0, , , , , , 
TRACK,Maria Nieves y Bustamante,-16.44345175,-71.51234265,-1946607.528,2840458.419,False, , ,0, , , , , , 
TRACK,Maria Nieves y Bustamante,-16.44342683,-71.512529,-1946602.245,2840437.62,False, , ,0, , , , , , 
TRACK,Maria Nieves y Bustamante,-16.44344696,-71.51289845,-1946599.939,2840395.474,False, , ,0, , , , , , 
TRACK,Maria Nieves y Bustamante,-16.44358581,-71.51416934,-1946600.183,2840249.58,False, , ,0, , , , , , 
TRACK,Maria Nieves y Bustamante,-16.44371434,-71.51529307,-1946601.076,2840120.505,False, , ,0, , , , , , 
TRACK,Maria Nieves y Bustamante,-16.44375872,-71.51612794,-1946595.735,2840025.279,False, , ,0, , , , , , 
TRACK,Maria Nieves y Bustamante,-16.44377186,-71.51737528,-1946581.512,2839883.705,False, , ,0, , , , , , 
TRACK,Maria Nieves y Bustamante,-16.44595826,-71.51732582,-1946838.97,2839860.673,False, , ,0, , , , , , 
TRACK,Las Convenciones, , ,-1.516416327,20763369.87, , , , , , , , , , 
TRACK,Las Convenciones,-16.43692098,-71.54408388,-1945439.527,2836945.751,False, , ,0, , , , , , 
TRACK,Las Convenciones,-16.4366648,-71.54380735,-1945412.927,2836980.444,False, , ,0, , , , , , 
TRACK,Las Convenciones,-16.43613875,-71.54358118,-1945353.995,2837012.957,False, , ,0, , , , , , 
TRACK,Las Convenciones,-16.43616114,-71.54304364,-1945363.406,2837073.596,False, , ,0, , , , , , 
TRACK,Las Convenciones,-16.43608546,-71.54252873,-1945361.014,2837132.951,False, , ,0, , , , , , 
TRACK,Las Convenciones,-16.43591134,-71.54222543,-1945344.39,2837169.608,False, , ,0, , , , , , 
TRACK,Las Convenciones,-16.43571009,-71.54167175,-1945327.737,2837235,False, , ,0, , , , , , 
TRACK,Las Convenciones,-16.43588163,-71.5416076,-1945348.695,2837240.029,False, , ,0, , , , , , 
TRACK,Las Convenciones,-16.43597337,-71.54150916,-1945360.712,2837249.989,False, , ,0, , , , , , 
TRACK,Las Convenciones,-16.43602564,-71.54138458,-1945368.423,2837263.427,False, , ,0, , , , , , 
TRACK,Las Convenciones,-16.43604865,-71.54127298,-1945372.533,2837275.776,False, , ,0, , , , , , 
TRACK,Las Convenciones,-16.43609705,-71.54113785,-1945379.923,2837290.46,False, , ,0, , , , , , 
TRACK,Las Convenciones,-16.43612803,-71.54106834,-1945384.439,2837297.934,False, , ,0, , , , , , 
TRACK,Las Convenciones,-16.43617539,-71.54098647,-1945391.035,2837306.596,False, , ,0, , , , , , 
TRACK,Las Convenciones,-16.4362112,-71.54094495,-1945395.765,2837310.834,False, , ,0, , , , , , 
TRACK,Las Convenciones,-16.43628981,-71.54087129,-1945405.927,2837318.156,False, , ,0, , , , , , 
TRACK,Las Convenciones,-16.43557277,-71.54060524,-1945325.064,2837357.689,False, , ,0, , , , , , 
TRACK,Las Convenciones,-16.43546743,-71.54054071,-1945313.506,2837366.381,False, , ,0, , , , , , 
TRACK,Las Convenciones,-16.43512395,-71.54020208,-1945277.436,2837409.256,False, , ,0, , , , , , 
TRACK,Las Convenciones,-16.43481887,-71.53992627,-1945245.082,2837444.51,False, , ,0, , , , , , 
TRACK,Las Convenciones,-16.43463422,-71.53977272,-1945225.332,2837464.329,False, , ,0, , , , , , 
TRACK,Las Convenciones,-16.43377411,-71.53932276,-1945129.984,2837526.579,False, , ,0, , , , , , 
TRACK,Las Convenciones,-16.43373101,-71.53941372,-1945123.774,2837516.832,False, , ,0, , , , , , 
TRACK,Las Convenciones,-16.433692,-71.53949987,-1945118.105,2837507.577,False, , ,0, , , , , , 
TRACK,Las Convenciones,-16.43360223,-71.53954593,-1945106.98,2837503.529,False, , ,0, , , , , , 
TRACK,Las Convenciones,-16.43351167,-71.53954683,-1945096.332,2837504.61,False, , ,0, , , , , , 
TRACK,Las Convenciones,-16.43344614,-71.53952115,-1945088.958,2837508.379,False, , ,0, , , , , , 
TRACK,Las Convenciones,-16.43335497,-71.53948548,-1945078.7,2837513.614,False, , ,0, , , , , , 
TRACK,Las Convenciones,-16.43316627,-71.53932454,-1945058.567,2837534.324,False, , ,0, , , , , , 
TRACK,Las Convenciones,-16.43251612,-71.53862693,-1944991.005,2837621.903,False, , ,0, , , , , , 
TRACK,Las Convenciones,-16.43217262,-71.53827861,-1944955.053,2837665.878,False, , ,0, , , , , , 
TRACK,Las Convenciones,-16.43204872,-71.53813067,-1944942.366,2837684.268,False, , ,0, , , , , , 
TRACK,Las Convenciones,-16.43196567,-71.53800656,-1944934.178,2837699.424,False, , ,0, , , , , , 
TRACK,Las Convenciones,-16.43141607,-71.53831233,-1944865.765,2837671.946,False, , ,0, , , , , , 
TRACK,Las Convenciones,-16.43007953,-71.53918867,-1944697.724,2837590.077,False, , ,0, , , , , , 
TRACK,Las Convenciones,-16.43069635,-71.54017299,-1944757.756,2837470.434,False, , ,0, , , , , , 
TRACK,Las Convenciones,-16.43153164,-71.54164769,-1944837.262,2837292.348,False, , ,0, , , , , , 
TRACK,Las Convenciones,-16.43157526,-71.54173375,-1944841.301,2837282.023,False, , ,0, , , , , , 
TRACK,Las Convenciones,-16.43157937,-71.54182902,-1944840.581,2837271.169,False, , ,0, , , , , , 
TRACK,Las Convenciones,-16.43154204,-71.54193969,-1944834.8,2837259.112,False, , ,0, , , , , , 
TRACK,Las Convenciones,-16.43089775,-71.54361901,-1944737.945,2837077.172,False, , ,0, , , , , , 
TRACK,Las Convenciones,-16.43087449,-71.54376883,-1944733.323,2837060.492,False, , ,0, , , , , , 
TRACK,Las Convenciones,-16.43158936,-71.54364673,-1944818.827,2837064.991,False, , ,0, , , , , , 
TRACK,Las Convenciones,-16.43180275,-71.5436278,-1944844.13,2837064.348,False, , ,0, , , , , , 
TRACK,Las Convenciones,-16.43182237,-71.54355719,-1944847.324,2837072.096,False, , ,0, , , , , , 
TRACK,Las Convenciones,-16.43228757,-71.54316547,-1944906.905,2837110.419,False, , ,0, , , , , , 
TRACK,Las Convenciones,-16.43259858,-71.54315636,-1944943.549,2837107.387,False, , ,0, , , , , , 
TRACK,Las Convenciones,-16.43298185,-71.54334657,-1944986.166,2837080.817,False, , ,0, , , , , , 
TRACK,Las Convenciones,-16.43314156,-71.54340703,-1945004.162,2837071.876,False, , ,0, , , , , , 
TRACK,Las Convenciones,-16.4333133,-71.54343301,-1945024.006,2837066.686,False, , ,0, , , , , , 
TRACK,Las Convenciones,-16.43375034,-71.54346655,-1945074.915,2837057.172,False, , ,0, , , , , , 
TRACK,Las Convenciones,-16.43431328,-71.54350965,-1945140.489,2837044.928,False, , ,0, , , , , , 
TRACK,Las Convenciones,-16.43501416,-71.54368907,-1945220.547,2837015.429,False, , ,0, , , , , , 
TRACK,Las Convenciones,-16.43583081,-71.5440992,-1945311.291,2836958.265,False, , ,0, , , , , , 
TRACK,Las Convenciones,-16.436148,-71.54440226,-1945344.722,2836919.767,False, , ,0, , , , , , 
TRACK,Las Convenciones,-16.43636449,-71.54457878,-1945367.923,2836896.928,False, , ,0, , , , , , 
TRACK,Las Convenciones,-16.43660451,-71.54463296,-1945395.43,2836887.649,False, , ,0, , , , , , 
TRACK,Las Convenciones,-16.43686376,-71.54446536,-1945427.993,2836903.258,False, , ,0, , , , , , 
TRACK,Las Convenciones,-16.43693002,-71.54413394,-1945439.958,2836939.958,False, , ,0, , , , , , 
